{"cameraMode":{"drawMode":0,"name":"Shaded","section":"Shading Mode"},"sceneLighting":false,"audioPlay":false,"sceneViewState":{"showFog":true,"showMaterialUpdate":false,"showSkybox":false,"showFlares":true,"showImageEffects":true,"showParticleSystems":true},"in2DMode":false,"pivot":{"x":0.0999901294708252,"y":0.016397833824157716,"z":-0.2837071120738983},"rotation":{"x":-0.0660596713423729,"y":0.8098926544189453,"z":-0.09298393130302429,"w":-0.5753816366195679},"size":1.657884120941162,"orthographic":false}