{"cameraMode":{"drawMode":0,"name":"Shaded","section":"Shading Mode"},"sceneLighting":true,"audioPlay":false,"sceneViewState":{"showFog":true,"showMaterialUpdate":false,"showSkybox":true,"showFlares":true,"showImageEffects":true,"showParticleSystems":true},"in2DMode":false,"pivot":{"x":99.19999694824219,"y":3.5699994564056398,"z":-149.9954071044922},"rotation":{"x":0.2904503345489502,"y":0.5808479189872742,"z":-0.23307844996452332,"w":0.7238292694091797},"size":58.676483154296878,"orthographic":true}