{"cameraMode":{"drawMode":0,"name":"Shaded","section":"Shading Mode"},"sceneLighting":true,"audioPlay":false,"sceneViewState":{"showFog":true,"showMaterialUpdate":false,"showSkybox":true,"showFlares":true,"showImageEffects":true,"showParticleSystems":true},"in2DMode":false,"pivot":{"x":47.58163070678711,"y":97.99671173095703,"z":97.16523742675781},"rotation":{"x":-0.10549485683441162,"y":0.8730953335762024,"z":-0.21755333244800569,"w":-0.42337456345558169},"size":187.31756591796876,"orthographic":true}