{"cameraMode":{"drawMode":0,"name":"Shaded","section":"Shading Mode"},"sceneLighting":false,"audioPlay":false,"sceneViewState":{"showFog":true,"showMaterialUpdate":false,"showSkybox":false,"showFlares":true,"showImageEffects":true,"showParticleSystems":true},"in2DMode":false,"pivot":{"x":112.30000305175781,"y":8.329999923706055,"z":-43.13999938964844},"rotation":{"x":0.002706717699766159,"y":-0.9937677979469299,"z":0.10865221172571182,"w":0.024758756160736085},"size":4.041658401489258,"orthographic":false}