{"cameraMode":{"drawMode":0,"name":"Shaded","section":"Shading Mode"},"sceneLighting":false,"audioPlay":false,"sceneViewState":{"showFog":true,"showMaterialUpdate":false,"showSkybox":false,"showFlares":true,"showImageEffects":true,"showParticleSystems":true},"in2DMode":false,"pivot":{"x":-2.5083608627319338,"y":0.2193899154663086,"z":9.444656372070313},"rotation":{"x":-0.08268006145954132,"y":-0.7147945761680603,"z":0.08576102554798126,"w":-0.6891137361526489},"size":-1.1674633026123047,"orthographic":false}