{"cameraMode":{"drawMode":0,"name":"Shaded","section":"Shading Mode"},"sceneLighting":false,"audioPlay":false,"sceneViewState":{"showFog":true,"showMaterialUpdate":false,"showSkybox":false,"showFlares":true,"showImageEffects":true,"showParticleSystems":true},"in2DMode":false,"pivot":{"x":0.4556640684604645,"y":-0.6041015386581421,"z":-0.8217407464981079},"rotation":{"x":-0.05416256934404373,"y":-0.9031040668487549,"z":0.11963982880115509,"w":-0.40884697437286379},"size":0.8151296973228455,"orthographic":true}